asset,trend,lag,p-value,corr
cardano|ada,data/ADA,11,0.028017651793773985,-0.07258132000331781
cardano|ada,data/ADA,12,0.04434456110622558,0.015511453394102771
nem|xem,data/XEM,5,0.04289951985868115,0.2922030665412255
nem|xem,data/XEM,6,0.037480869329629365,0.07786026284304033
